{"count":1,"gauges":{},"self":5.6159191999999996,"total":7.2738904,"children":{"AgentSendState":{"count":324,"self":0.08352359999999999,"total":0.1549302,"children":{"CollectObservations":{"count":1296,"self":0.0657643,"total":0.0657643,"children":null},"CollectDiscreteActionMasks":{"count":1296,"self":0.0056422999999999994,"total":0.0056422999999999994,"children":null}}},"DecideAction":{"count":324,"self":1.4640716,"total":1.4640716,"children":null},"AgentAct":{"count":324,"self":0.0369739,"total":0.0369739,"children":null}}}