{"count":1,"gauges":{},"self":6.9113647999999994,"total":8.4395887,"children":{"AgentSendState":{"count":323,"self":0.040152099999999996,"total":0.0731527,"children":{"CollectObservations":{"count":323,"self":0.0310031,"total":0.0310031,"children":null},"CollectDiscreteActionMasks":{"count":323,"self":0.0019974999999999997,"total":0.0019974999999999997,"children":null}}},"DecideAction":{"count":323,"self":1.4205006999999998,"total":1.4205006999999998,"children":null},"AgentAct":{"count":323,"self":0.0325975,"total":0.0325975,"children":null}}}